{
  "global": {
    "mean_norm": 0.017922551929950715,
    "mean_anom": 0.017800392210483552,
    "acc": 0.5,
    "auc": 0.35250000000000004,
    "frac_sig": 0.0009765625,
    "hip_job": null
  },
  "per_sample": {
    "mean_norm": 0.4676946043968201,
    "mean_anom": 0.4676862880587578,
    "acc": 0.5,
    "auc": 0.38499999999999995,
    "frac_sig": 0.0009765625,
    "hip_job": null
  }
}