n,signal,mean_norm,mean_anom,accuracy,auc,frac_sig_dims_test,job_path
20,0.0,0.4639582894742489,0.4644409976899624,0.5,0.8125,0.0009765625,/workspaces/HIPERGRAFO/models/art_17_capa3_5.onnx
20,0.5,0.9082600027322769,0.9083056002855301,0.5,0.625,0.0,/workspaces/HIPERGRAFO/models/art_17_capa3_5.onnx
20,1.0,0.8731655851006508,0.8730157688260078,0.5,0.390625,0.00048828125,/workspaces/HIPERGRAFO/models/art_17_capa3_5.onnx
20,2.0,0.4636152610182762,0.46178677678108215,0.5,0.15625,0.00244140625,/workspaces/HIPERGRAFO/models/art_17_capa3_5.onnx
20,5.0,0.5192406475543976,0.5140052512288094,0.5,0.3125,0.4189453125,/workspaces/HIPERGRAFO/models/art_17_capa3_5.onnx
50,0.0,0.5387687295675277,0.5385284394025802,0.5,0.5050000000000001,0.0,/workspaces/HIPERGRAFO/models/art_17_capa3_5.onnx
50,0.5,0.4766649678349495,0.47685537189245225,0.5,0.5375,0.0,/workspaces/HIPERGRAFO/models/art_17_capa3_5.onnx
50,1.0,0.8447316318750382,0.8448709130287171,0.5,0.7525,0.00048828125,/workspaces/HIPERGRAFO/models/art_17_capa3_5.onnx
