{
  "scales": [
    0.5,
    0.8,
    1.0,
    1.2,
    1.5
  ],
  "offsets": [
    -1.0,
    -0.5,
    -0.25,
    0.0,
    0.25,
    0.5
  ],
  "grid": [
    [
      0.32975,
      0.19317499999999999,
      0.1335,
      0.116,
      0.16952499999999998,
      0.2923
    ],
    [
      0.28895,
      0.150575,
      0.12202500000000001,
      0.14150000000000001,
      0.209125,
      0.31
    ],
    [
      0.257425,
      0.14237499999999997,
      0.131675,
      0.160775,
      0.22662500000000002,
      0.31805
    ],
    [
      0.230375,
      0.143125,
      0.144825,
      0.176975,
      0.23925,
      0.32135
    ],
    [
      0.20342500000000002,
      0.153475,
      0.164325,
      0.196775,
      0.251575,
      0.3215
    ]
  ],
  "best": {
    "scale": 0.5,
    "offset": -1.0,
    "auc": 0.32975
  }
}