{
  "scales": [
    -0.42,
    -0.41,
    -0.405,
    -0.4,
    -0.395,
    -0.39,
    -0.38
  ],
  "offsets": [
    0.38,
    0.39,
    0.4,
    0.41,
    0.42
  ],
  "grid": [
    [
      0.836527,
      0.8370895,
      0.8375670000000001,
      0.8380274999999998,
      0.8383285
    ],
    [
      0.8372305000000001,
      0.8378654999999999,
      0.838407,
      0.8388655,
      0.8390885
    ],
    [
      0.8376144999999999,
      0.8383044999999999,
      0.8388164999999999,
      0.8393115,
      0.839492
    ],
    [
      0.8379709999999998,
      0.8386975,
      0.8393149999999999,
      0.839736,
      0.8399615
    ],
    [
      0.838392,
      0.8391310000000001,
      0.8397110000000001,
      0.8401520000000001,
      0.840354
    ],
    [
      0.8388775,
      0.8396379999999999,
      0.840161,
      0.8405929999999999,
      0.840758
    ],
    [
      0.8398110000000001,
      0.840559,
      0.8411194999999999,
      0.8414385000000001,
      0.841634
    ]
  ],
  "best": {
    "scale": -0.38,
    "offset": 0.42,
    "auc": 0.841634
  }
}