{
  "scales": [
    -0.6,
    -0.55,
    -0.525,
    -0.5,
    -0.475,
    -0.45,
    -0.4
  ],
  "offsets": [
    0.3,
    0.4,
    0.45,
    0.5,
    0.55,
    0.6
  ],
  "grid": [
    [
      0.831276,
      0.8312759999999999,
      0.8285560000000001,
      0.8240160000000001,
      0.8175899999999999,
      0.8083720000000001
    ],
    [
      0.832508,
      0.832082,
      0.828992,
      0.8240919999999999,
      0.8168520000000001,
      0.807048
    ],
    [
      0.8330860000000001,
      0.832468,
      0.829282,
      0.824288,
      0.816152,
      0.8061100000000001
    ],
    [
      0.8335159999999999,
      0.8330380000000001,
      0.829576,
      0.824548,
      0.8160999999999999,
      0.8052959999999999
    ],
    [
      0.833804,
      0.833464,
      0.830276,
      0.824728,
      0.8160480000000001,
      0.8039919999999998
    ],
    [
      0.8340159999999999,
      0.833938,
      0.8310500000000001,
      0.825132,
      0.815752,
      0.8031240000000001
    ],
    [
      0.8344199999999999,
      0.835722,
      0.832824,
      0.826072,
      0.8150259999999999,
      0.8000919999999999
    ]
  ],
  "best": {
    "scale": -0.4,
    "offset": 0.4,
    "auc": 0.835722
  }
}