{
  "scales": [
    -1.5,
    -1.2,
    -1.0,
    -0.8,
    -0.5
  ],
  "offsets": [
    -1.0,
    -0.5,
    0.0,
    0.5,
    1.0
  ],
  "grid": [
    [
      0.491552,
      0.515552,
      0.634544,
      0.727888,
      0.7285600000000001
    ],
    [
      0.51536,
      0.5440480000000001,
      0.672432,
      0.7577119999999999,
      0.71472
    ],
    [
      0.531344,
      0.568256,
      0.699456,
      0.7742720000000001,
      0.6971040000000001
    ],
    [
      0.546816,
      0.594816,
      0.7279680000000001,
      0.786432,
      0.6650560000000001
    ],
    [
      0.5658719999999999,
      0.633344,
      0.761328,
      0.798544,
      0.59728
    ]
  ],
  "best": {
    "scale": -0.5,
    "offset": 0.5,
    "auc": 0.798544
  }
}